-- phpMyAdmin SQL Dump
-- version 4.8.3
-- https://www.phpmyadmin.net/
--
-- Host: 127.0.0.1
-- Waktu pembuatan: 18 Mar 2020 pada 06.13
-- Versi server: 10.1.35-MariaDB
-- Versi PHP: 7.2.9

SET SQL_MODE = "NO_AUTO_VALUE_ON_ZERO";
SET AUTOCOMMIT = 0;
START TRANSACTION;
SET time_zone = "+00:00";


/*!40101 SET @OLD_CHARACTER_SET_CLIENT=@@CHARACTER_SET_CLIENT */;
/*!40101 SET @OLD_CHARACTER_SET_RESULTS=@@CHARACTER_SET_RESULTS */;
/*!40101 SET @OLD_COLLATION_CONNECTION=@@COLLATION_CONNECTION */;
/*!40101 SET NAMES utf8mb4 */;

--
-- Database: `sipehataman`
--

-- --------------------------------------------------------

--
-- Struktur dari tabel `admin`
--

CREATE TABLE `admin` (
  `id_admin` int(11) NOT NULL,
  `username` varchar(15) NOT NULL,
  `password` varchar(15) NOT NULL
) ENGINE=InnoDB DEFAULT CHARSET=latin1;

--
-- Dumping data untuk tabel `admin`
--

INSERT INTO `admin` (`id_admin`, `username`, `password`) VALUES
(1, 'admin', 'admin');

-- --------------------------------------------------------

--
-- Struktur dari tabel `admin_kecamatan`
--

CREATE TABLE `admin_kecamatan` (
  `id_admin_kecamatan` int(11) NOT NULL,
  `id_admin` int(11) NOT NULL,
  `id_kecamatan` int(11) NOT NULL
) ENGINE=InnoDB DEFAULT CHARSET=latin1;

-- --------------------------------------------------------

--
-- Struktur dari tabel `centroid`
--

CREATE TABLE `centroid` (
  `id_centroid` int(11) NOT NULL,
  `nama_centroid` varchar(20) NOT NULL
) ENGINE=InnoDB DEFAULT CHARSET=latin1;

-- --------------------------------------------------------

--
-- Struktur dari tabel `desa`
--

CREATE TABLE `desa` (
  `id_desa` int(11) NOT NULL,
  `id_kecamatan` int(11) NOT NULL,
  `nama_desa` varchar(20) NOT NULL
) ENGINE=InnoDB DEFAULT CHARSET=latin1;

--
-- Dumping data untuk tabel `desa`
--

INSERT INTO `desa` (`id_desa`, `id_kecamatan`, `nama_desa`) VALUES
(1, 1, 'Sidobandung'),
(2, 1, 'Mayangkawis'),
(3, 1, 'Kenep'),
(4, 1, 'Pohbogo'),
(5, 1, 'Penganten'),
(6, 1, 'Bulaklo'),
(7, 1, 'Bulu'),
(8, 1, 'Kemamang'),
(9, 1, 'Ngadiluhur'),
(10, 1, 'Kabunan'),
(11, 1, 'Suwaloh'),
(12, 1, 'Sobontoro'),
(13, 1, 'Balenrejo'),
(14, 1, 'Margomulyo'),
(15, 1, 'Kedungbondo'),
(16, 1, 'Pilanggede'),
(17, 1, 'Kedungdowo'),
(18, 1, 'Lengkong'),
(19, 1, 'Prambatan'),
(20, 1, 'Mulyoagung'),
(21, 1, 'Sekaran'),
(22, 1, 'Mulyorejo'),
(23, 1, 'Sarirejo'),
(24, 2, 'Banjaranyar'),
(25, 2, 'Ngemplak'),
(26, 2, 'Sraturejo'),
(27, 2, 'Blongsong'),
(28, 2, 'Baureno'),
(29, 2, 'Trojalu'),
(30, 2, 'Tulungagung'),
(31, 2, 'Selorejo'),
(32, 2, 'Tlogoagung'),
(33, 2, 'Sumuragung'),
(34, 2, 'Gajah'),
(35, 2, 'Gunungsari'),
(36, 2, 'Kalisari'),
(37, 2, 'Tanggungan'),
(38, 2, 'Lebaksari'),
(39, 2, 'Bumiayu'),
(40, 2, 'Kauman'),
(41, 2, 'Pasinan'),
(42, 2, 'Banjaran'),
(43, 2, 'Drajat'),
(44, 2, 'Sembungkor'),
(45, 2, 'Pomahan'),
(46, 2, 'Karangdayu'),
(47, 2, 'Kadungrejo'),
(48, 2, 'Pucangarum'),
(49, 3, 'Jetak'),
(50, 3, 'Pacul'),
(51, 3, 'Sukorejo'),
(52, 3, 'Sumbang'),
(53, 3, 'Klangon'),
(54, 3, 'Kepatihan'),
(55, 3, 'Mojokampung'),
(56, 3, 'Kadipaten'),
(57, 3, 'Ngrowo'),
(58, 3, 'Karangpacar'),
(59, 3, 'Campurejo'),
(60, 3, 'Semanding'),
(61, 3, 'Kalirejo'),
(62, 3, 'Mulyoagung'),
(63, 3, 'Banjarjo'),
(64, 3, 'Ledokwetan'),
(65, 3, 'Kauman'),
(66, 3, 'Ledokkulon'),
(67, 4, 'Bubulan'),
(68, 4, 'Cancung '),
(69, 4, 'Clebung'),
(70, 4, 'Sumberbendo'),
(71, 4, 'Ngorogunung'),
(72, 5, 'Ngunut'),
(73, 5, 'Dander'),
(74, 5, 'Growok'),
(75, 5, 'Sumberarum'),
(76, 5, 'Kunci'),
(77, 5, 'Jatiblimbing'),
(78, 5, 'Ngraseh'),
(79, 5, 'Mojoranu'),
(80, 5, 'Sumodikaran'),
(81, 5, 'Sendangrejo'),
(82, 5, 'Karangsono'),
(83, 5, 'Sumberagung'),
(84, 5, 'Ngumpakdalem'),
(85, 5, 'Sumbertlaseh'),
(86, 5, 'Ngulanan'),
(87, 5, 'Ngablak'),
(88, 6, 'Beged'),
(89, 6, 'Ngraho'),
(90, 6, 'Sudu'),
(91, 6, 'Manukan'),
(92, 6, 'Cengungklung'),
(93, 6, 'Katur'),
(94, 6, 'Gayam'),
(95, 6, 'Mojodelik'),
(96, 6, 'Bonorejo'),
(97, 6, 'Brabowan'),
(98, 6, 'Begadon'),
(99, 6, 'Ringintunggal'),
(100, 7, 'Krondonan'),
(101, 7, 'Sambongrejo'),
(102, 7, 'Pajeng'),
(103, 7, 'Gondang'),
(104, 7, 'Jari'),
(105, 7, 'Sengaten'),
(106, 7, 'Pragelan'),
(107, 8, 'Sumengko'),
(108, 8, 'Mlaten'),
(109, 8, 'Talok'),
(110, 8, 'Brenggolo'),
(111, 8, 'Grebegan'),
(112, 8, 'Wotangare'),
(113, 8, 'Kalitidu'),
(114, 8, 'Panjunan'),
(115, 8, 'Mayanggeneng'),
(116, 8, 'Mayangrejo'),
(117, 8, 'Pilangsari'),
(118, 8, 'Mojosari'),
(119, 8, 'Pungpungan'),
(120, 8, 'Ngujo'),
(121, 8, 'Ngringinrejo'),
(122, 8, 'Mojo'),
(123, 8, 'Leran'),
(124, 8, 'Sukoharjo'),
(125, 9, 'Sarangan'),
(126, 9, 'Tejo'),
(127, 9, 'Pesen'),
(128, 9, 'Samberan'),
(129, 9, 'Nglarangan'),
(130, 9, 'Sroyo'),
(131, 9, 'Bakung'),
(132, 9, 'Palembon'),
(133, 9, 'Simbatan'),
(134, 9, 'Canga\'an'),
(135, 9, 'Kabalan'),
(136, 9, 'Piyak'),
(137, 9, 'Caruban'),
(138, 9, 'Sedeng'),
(139, 9, 'Bungur'),
(140, 9, 'Simorejo'),
(141, 9, 'Sumberwangi'),
(142, 9, 'Tambahrejo'),
(143, 9, 'Kanor'),
(144, 9, 'Prigi'),
(145, 9, 'Temu'),
(146, 9, 'Kedungprimpen'),
(147, 9, 'Gedongarum'),
(148, 9, 'Pilang'),
(149, 9, 'Semambung'),
(150, 10, 'Bendo'),
(151, 10, 'Kumpulrejo'),
(152, 10, 'Pandangmentoyo'),
(153, 10, 'Tapelan'),
(154, 10, 'Bangilan'),
(155, 10, 'Sembung'),
(156, 10, 'Tanjungharjo'),
(157, 10, 'Wedi'),
(158, 10, 'Kalianyar'),
(159, 10, 'Ngampel'),
(160, 10, 'Sambiroto'),
(161, 10, 'Tikusan'),
(162, 10, 'Sukowati'),
(163, 10, 'Klampok'),
(164, 10, 'Mojodeso'),
(165, 10, 'Plesungan'),
(166, 10, 'Kedaton'),
(167, 10, 'Kapas'),
(168, 10, 'Semenpinggir'),
(169, 10, 'Bogo'),
(170, 10, 'Bakalan'),
(171, 11, 'Batokan'),
(172, 11, 'Betet'),
(173, 11, 'Tembeling'),
(174, 11, 'Sidomukti'),
(175, 11, 'Besah'),
(176, 11, 'Sambeng'),
(177, 11, 'Ngaglik'),
(178, 11, 'Kasiman'),
(179, 11, 'Sekaran'),
(180, 11, 'Tambakmerak'),
(181, 12, 'Kawengan'),
(182, 12, 'Wonocolo'),
(183, 12, 'Hargomulyo'),
(184, 12, 'Kedewan'),
(185, 12, 'Beji'),
(186, 13, 'Babad'),
(187, 13, 'Pejok'),
(188, 13, 'Dayukidul'),
(189, 13, 'Panjang'),
(190, 13, 'Tondomulo'),
(191, 13, 'Kesongo'),
(192, 13, 'Kendung'),
(193, 13, 'Mlideg'),
(194, 13, 'Tumbrasanom'),
(195, 13, 'Kedungadem'),
(196, 13, 'Duwel'),
(197, 13, 'Kepohkidul'),
(198, 13, 'Geger'),
(199, 13, 'Kedungrejo'),
(200, 13, 'Megawe'),
(201, 13, 'Sidorejo'),
(202, 13, 'Drokilo'),
(203, 13, 'Mojorejo'),
(204, 13, 'Jamberejo'),
(205, 13, 'Sidomulyo'),
(206, 13, 'Tlogoagung'),
(207, 13, 'Ngrandu'),
(208, 13, 'Balongcabe'),
(209, 14, 'Pojok '),
(210, 14, 'Cengkir'),
(211, 14, 'Kepoh'),
(212, 14, 'Sidomukti'),
(213, 14, 'Simorejo'),
(214, 14, 'Brangkal'),
(215, 14, 'Balongdowo'),
(216, 14, 'Mojosari'),
(217, 14, 'Nglumber'),
(218, 14, 'Krangkong'),
(219, 14, 'Jipo'),
(220, 14, 'Bumirejo'),
(221, 14, 'Woro'),
(222, 14, 'Sumberagung'),
(223, 14, 'Turigede'),
(224, 14, 'Sumberoto'),
(225, 14, 'Pohwates'),
(226, 14, 'Bayemgede'),
(227, 14, 'Tlogorejo'),
(228, 14, 'Sumbergede'),
(229, 14, 'Betet'),
(230, 14, 'Mudung'),
(231, 14, 'Nranggonanyar'),
(232, 14, 'Karangan'),
(233, 14, 'Sugihwaras'),
(234, 15, 'Dukohlor'),
(235, 15, 'Kacangan'),
(236, 15, 'Kemiri'),
(237, 15, 'Petak'),
(238, 15, 'Kliteh'),
(239, 15, 'Sudah'),
(240, 15, 'Ngujung'),
(241, 15, 'Tambakromo'),
(242, 15, 'Sumberjo'),
(243, 15, 'Tinawun'),
(244, 15, 'Banaran'),
(245, 15, 'Kedungrejo'),
(246, 15, 'Ketileng'),
(247, 15, 'Rendeng'),
(248, 15, 'Malo'),
(249, 15, 'Sukorejo'),
(250, 15, 'Trembes'),
(251, 15, 'Semlaran'),
(252, 15, 'Tanggir'),
(253, 15, 'Tulungagung'),
(254, 16, 'Ngelo'),
(255, 16, 'Kalangan'),
(256, 16, 'Margomulyo'),
(257, 16, 'Sumberjo'),
(258, 16, 'Meduri'),
(259, 16, 'Geneng'),
(260, 17, 'Nglampin'),
(261, 17, 'Karangmangu'),
(262, 17, 'Ngambon'),
(263, 17, 'Sengon'),
(264, 17, 'Bondol'),
(265, 18, 'Setren'),
(266, 18, 'Trenggulunan'),
(267, 18, 'Butoh'),
(268, 18, 'Kolong'),
(269, 18, 'Mediyunan'),
(270, 18, 'Ngadiluwih'),
(271, 18, 'Sendangharjo'),
(272, 18, 'Ngasem'),
(273, 18, 'Bandungrejo'),
(274, 18, 'Dukohkidul'),
(275, 18, 'Sambong'),
(276, 18, 'Ngantru'),
(277, 18, 'Tengger'),
(278, 18, 'Wadang'),
(279, 18, 'Jampet'),
(280, 18, 'Jelu'),
(281, 18, 'Bareng'),
(282, 19, 'Luwihaji'),
(283, 19, 'Sugihwaras'),
(284, 19, 'Sumberagung'),
(285, 19, 'Mojorejo'),
(286, 19, 'Ngraho'),
(287, 19, 'Blimbinggede'),
(288, 19, 'Jumok'),
(289, 19, 'Nganti'),
(290, 19, 'Pandan'),
(291, 19, 'Tanggungan'),
(292, 19, 'Kalirejo'),
(293, 19, 'Tapelan'),
(294, 19, 'Sumberarum '),
(295, 19, 'Payaman'),
(296, 19, 'Bancer'),
(297, 19, 'Klempun'),
(298, 20, 'Tebon'),
(299, 20, 'Prangi'),
(300, 20, 'Purworejo'),
(301, 20, 'Ngeper'),
(302, 20, 'Sonorejo'),
(303, 20, 'Ngradin'),
(304, 20, 'Kendung'),
(305, 20, 'Kebonagung'),
(306, 20, 'Banjarjo'),
(307, 20, 'Kuncen'),
(308, 20, 'Ngasinan'),
(309, 20, 'Cendono'),
(310, 20, 'Sidorejo'),
(311, 20, 'Nguken'),
(312, 20, 'Padangan'),
(313, 20, 'Dengok'),
(314, 21, 'Kaliombo'),
(315, 21, 'Pelem'),
(316, 21, 'Ngrejeng'),
(317, 21, 'Tlatah'),
(318, 21, 'Tinumpuk'),
(319, 21, 'Kuniran'),
(320, 21, 'Donan'),
(321, 21, 'Gapluk'),
(322, 21, 'Punggur'),
(323, 21, 'Sedahkidul'),
(324, 21, 'Pojok'),
(325, 21, 'Purwosari'),
(326, 22, 'Miyono'),
(327, 22, 'Sekar'),
(328, 22, 'Klino'),
(329, 22, 'Deling'),
(330, 22, 'Bareng'),
(331, 22, 'Bobol'),
(332, 23, 'Drenges'),
(333, 23, 'Bareng'),
(334, 23, 'Alasgung'),
(335, 23, 'Panunggalan'),
(336, 23, 'Wedoro'),
(337, 23, 'Bulu'),
(338, 23, 'Siwalan'),
(339, 23, 'Glagahan'),
(340, 23, 'Panemon'),
(341, 23, 'Sugihwaras'),
(342, 23, 'Trate'),
(343, 23, 'Nglajang'),
(344, 23, 'Kedungdowo'),
(345, 23, 'Glagahwangi'),
(346, 23, 'Jatitengah'),
(347, 23, 'Balongrejo'),
(348, 23, 'Genjor'),
(349, 24, 'Kalicilik'),
(350, 24, 'Semawot'),
(351, 24, 'Klepek'),
(352, 24, 'Tegalkodo'),
(353, 24, 'Sitiaji'),
(354, 24, 'Purwoasri'),
(355, 24, 'Pacing'),
(356, 24, 'Duyungan'),
(357, 24, 'Jumput'),
(358, 24, 'Semenkidul'),
(359, 24, 'Sukosewu'),
(360, 24, 'Sumberjokidul'),
(361, 24, 'Sidorejo'),
(362, 24, 'Sidodadi'),
(363, 25, 'Tlogohaji'),
(364, 25, 'Ngampal'),
(365, 25, 'Kedungrejo'),
(366, 25, 'Mlinjeng'),
(367, 25, 'Sumberharjo'),
(368, 25, 'Banjarjo'),
(369, 25, 'kayulemah'),
(370, 25, 'Teleng'),
(371, 25, 'Wotan'),
(372, 25, 'Sambongrejo'),
(373, 25, 'Sendangagung'),
(374, 25, 'Deru'),
(375, 25, 'Pekuwon'),
(376, 25, 'Karangdowo'),
(377, 25, 'Pejambon'),
(378, 25, 'Tulungrejo'),
(379, 25, 'Karangdinoyo'),
(380, 25, 'Butoh'),
(381, 25, 'Margoagung'),
(382, 25, 'Jatigede'),
(383, 25, 'Bogangin'),
(384, 25, 'Sumuragung'),
(385, 25, 'Sumberejo'),
(386, 25, 'Talun'),
(387, 25, 'Prayungan'),
(388, 25, 'Mejuwet'),
(389, 26, 'Jatimulyo'),
(390, 26, 'Napis'),
(391, 26, 'Ngrancang'),
(392, 26, 'Turi'),
(393, 26, 'Mulyorejo'),
(394, 26, 'Kacangan'),
(395, 26, 'Sendangrejo'),
(396, 26, 'Dolokgede'),
(397, 26, 'Malingmati'),
(398, 26, 'Tambakrejo'),
(399, 26, 'Bakalan'),
(400, 26, 'Jawik'),
(401, 26, 'Sukorejo'),
(402, 26, 'Gading'),
(403, 26, 'Pengkol'),
(404, 26, 'Tanjung'),
(405, 26, 'Gamongan'),
(406, 26, 'Kalisumber'),
(407, 27, 'Kedungsumber'),
(408, 27, 'Soko'),
(409, 27, 'Papringan'),
(410, 27, 'Kedungsari'),
(411, 27, 'Bakulan'),
(412, 27, 'Temayang'),
(413, 27, 'Pandantoyo'),
(414, 27, 'Belun'),
(415, 27, 'Jono'),
(416, 27, 'Ngujung'),
(417, 27, 'Pancur'),
(418, 27, 'Buntalan'),
(419, 28, 'Kandangan'),
(420, 28, 'Sumbang Timun'),
(421, 28, 'Kanten'),
(422, 28, 'Pagerwesii'),
(423, 28, 'Padang'),
(424, 28, 'Sumberjo'),
(425, 28, 'Mori'),
(426, 28, 'Tulungrejo'),
(427, 28, 'Trucuk'),
(428, 28, 'Guyangan'),
(429, 28, 'Sranak'),
(430, 28, 'Banjarsari');

-- --------------------------------------------------------

--
-- Struktur dari tabel `desa_klaster_centroid`
--

CREATE TABLE `desa_klaster_centroid` (
  `id_desa_klaster_centroid` int(11) NOT NULL,
  `id_desa` int(11) NOT NULL,
  `id_klaster` int(11) NOT NULL,
  `id_centroid` int(11) NOT NULL
) ENGINE=InnoDB DEFAULT CHARSET=latin1;

-- --------------------------------------------------------

--
-- Struktur dari tabel `hasil_pertanian`
--

CREATE TABLE `hasil_pertanian` (
  `id_hasil_pertanian` int(11) NOT NULL,
  `id_desa` int(11) NOT NULL,
  `padi` decimal(15,0) NOT NULL,
  `jagung` decimal(15,0) NOT NULL,
  `kacang_tanah` decimal(15,0) NOT NULL,
  `kedelai` decimal(15,0) NOT NULL
) ENGINE=InnoDB DEFAULT CHARSET=latin1;

--
-- Dumping data untuk tabel `hasil_pertanian`
--

INSERT INTO `hasil_pertanian` (`id_hasil_pertanian`, `id_desa`, `padi`, `jagung`, `kacang_tanah`, `kedelai`) VALUES
(1, 1, '3146', '277', '74', '243'),
(2, 2, '3284', '451', '75', '211'),
(3, 3, '3098', '413', '79', '343'),
(4, 4, '1658', '404', '25', '151'),
(5, 5, '7033', '319', '84', '339'),
(6, 6, '2916', '445', '38', '334'),
(7, 7, '3840', '463', '88', '460'),
(8, 8, '2997', '344', '74', '175'),
(9, 9, '1813', '271', '60', '135'),
(10, 10, '1397', '302', '75', '24'),
(11, 11, '3105', '280', '27', '265'),
(12, 12, '2701', '298', '43', '74'),
(13, 13, '2024', '383', '47', '93'),
(14, 14, '3869', '396', '48', '297'),
(15, 15, '3066', '286', '46', '170'),
(16, 16, '3124', '78', '54', '49'),
(17, 17, '1903', '289', '74', '50'),
(18, 18, '2002', '294', '33', '18'),
(19, 19, '1903', '399', '50', '16'),
(20, 20, '2833', '293', '57', '129'),
(21, 21, '1619', '275', '78', '45'),
(22, 22, '1817', '79', '46', '40'),
(23, 23, '3682', '52', '62', '50'),
(24, 24, '2275', '140', '53', '54'),
(25, 25, '2704', '248', '36', '58'),
(26, 26, '2834', '64', '72', '53'),
(27, 27, '1898', '36', '89', '39'),
(28, 28, '1144', '60', '26', '43'),
(29, 29, '1391', '144', '30', '11'),
(30, 30, '1495', '48', '73', '7'),
(31, 31, '1365', '140', '43', '4'),
(32, 32, '1235', '297', '72', '52'),
(33, 33, '1397', '580', '57', '49'),
(34, 34, '675', '765', '44', '115'),
(35, 35, '3808', '132', '48', '10'),
(36, 36, '2040', '76', '97', '58'),
(37, 37, '892', '126', '93', '40'),
(38, 38, '1657', '72', '79', '55'),
(39, 39, '2805', '90', '96', '30'),
(40, 40, '4454', '49', '60', '33'),
(41, 41, '1677', '198', '61', '54'),
(42, 42, '3770', '236', '56', '1'),
(43, 43, '2652', '40', '69', '2'),
(44, 44, '1456', '12', '96', '56'),
(45, 45, '2470', '175', '52', '20'),
(46, 46, '4896', '36', '40', '47'),
(47, 47, '7905', '99', '64', '51'),
(48, 48, '4709', '177', '31', '54'),
(49, 49, '1238', '283', '85', '55'),
(50, 50, '3332', '326', '35', '57'),
(51, 51, '1421', '255', '29', '48'),
(52, 54, '336', '302', '33', '42'),
(53, 55, '336', '312', '60', '42'),
(54, 56, '434', '477', '42', '35'),
(55, 57, '643', '285', '63', '40'),
(56, 59, '1448', '434', '87', '30'),
(57, 60, '3124', '334', '87', '59'),
(58, 61, '2044', '296', '52', '36'),
(59, 62, '2597', '257', '42', '36'),
(60, 67, '1238', '2450', '21', '45'),
(61, 68, '867', '2625', '112', '34'),
(62, 69, '837', '2065', '75', '39'),
(63, 70, '464', '1925', '172', '39'),
(64, 71, '1339', '2275', '225', '44'),
(65, 72, '3105', '442', '256', '32'),
(66, 73, '4407', '498', '449', '85'),
(67, 74, '3103', '392', '204', '42'),
(68, 75, '4309', '376', '143', '58'),
(69, 76, '7429', '435', '317', '32'),
(70, 77, '3942', '478', '43', '68'),
(71, 78, '2825', '419', '43', '209'),
(72, 79, '2306', '309', '26', '72'),
(73, 80, '3540', '254', '59', '360'),
(74, 81, '2743', '394', '72', '154'),
(75, 82, '2753', '442', '296', '37'),
(76, 83, '4543', '424', '30', '35'),
(77, 84, '6817', '331', '39', '42'),
(78, 85, '4653', '393', '91', '58'),
(79, 86, '2656', '404', '88', '54'),
(80, 87, '1526', '354', '68', '51'),
(81, 88, '1648', '35', '20', '58'),
(82, 89, '3906', '11', '4', '43'),
(83, 90, '3638', '424', '41', '7'),
(84, 91, '2881', '459', '90', '7'),
(85, 92, '2104', '7', '37', '2'),
(86, 93, '6438', '438', '64', '14'),
(87, 94, '4140', '490', '52', '7'),
(88, 95, '2284', '235', '52', '9'),
(89, 96, '857', '35', '20', '53'),
(90, 97, '1755', '18', '87', '39'),
(91, 98, '1862', '11', '79', '2'),
(92, 99, '1983', '11', '90', '1'),
(93, 100, '2538', '474', '712', '43'),
(94, 101, '1710', '492', '264', '47'),
(95, 102, '2232', '462', '720', '46'),
(96, 103, '1419', '378', '470', '16'),
(97, 104, '1476', '354', '235', '15'),
(98, 105, '1188', '378', '60', '16'),
(99, 106, '1503', '528', '235', '15'),
(100, 107, '4950', '102', '95', '27'),
(101, 108, '4680', '140', '76', '52'),
(102, 109, '3434', '37', '42', '1'),
(103, 110, '3402', '3', '57', '30'),
(104, 111, '2350', '159', '140', '38'),
(105, 112, '2652', '155', '190', '24'),
(106, 113, '3848', '150', '60', '5'),
(107, 114, '2670', '75', '94', '32'),
(108, 115, '910', '68', '340', '32'),
(109, 116, '7668', '78', '126', '2'),
(110, 117, '4676', '22', '171', '45'),
(111, 118, '3642', '35', '620', '2'),
(112, 120, '3024', '75', '740', '35'),
(113, 121, '3330', '24', '95', '55'),
(114, 122, '1064', '33', '80', '38'),
(115, 123, '1876', '255', '285', '50'),
(116, 124, '6564', '75', '75', '51'),
(117, 125, '659', '63', '66', '57'),
(118, 126, '649', '159', '38', '54'),
(119, 127, '639', '41', '78', '37'),
(120, 128, '709', '44', '2', '53'),
(121, 129, '735', '215', '69', '35'),
(122, 130, '759', '40', '99', '59'),
(123, 131, '740', '197', '62', '45'),
(124, 132, '692', '221', '2', '57'),
(125, 133, '659', '273', '79', '35'),
(126, 134, '669', '33', '2', '49'),
(127, 135, '669', '205', '2', '30'),
(128, 136, '690', '20', '75', '53'),
(129, 137, '656', '40', '73', '56'),
(130, 138, '646', '32', '2', '45'),
(131, 139, '689', '37', '40', '31'),
(132, 140, '699', '67', '58', '2'),
(133, 141, '699', '38', '28', '2'),
(134, 142, '710', '700', '2', '59'),
(135, 143, '710', '168', '2', '37'),
(136, 144, '735', '77', '83', '31'),
(137, 145, '779', '34', '2', '35'),
(138, 146, '779', '68', '92', '44'),
(139, 147, '801', '55', '86', '30'),
(140, 148, '681', '138', '2', '37'),
(141, 149, '702', '113', '2', '51'),
(142, 150, '1778', '256', '99', '570'),
(143, 151, '861', '300', '89', '35'),
(144, 152, '891', '260', '87', '156'),
(145, 153, '717', '486', '31', '144'),
(146, 154, '489', '406', '54', '84'),
(147, 155, '630', '420', '81', '108'),
(148, 156, '3156', '429', '44', '117'),
(149, 157, '1952', '402', '83', '150'),
(150, 158, '546', '463', '44', '60'),
(151, 159, '660', '316', '45', '50'),
(152, 160, '858', '298', '36', '37'),
(153, 161, '280', '326', '74', '40'),
(154, 162, '1903', '396', '43', '68'),
(155, 163, '221', '409', '30', '30'),
(156, 164, '511', '287', '71', '31'),
(157, 165, '975', '477', '35', '28'),
(158, 166, '850', '438', '58', '43'),
(159, 167, '323', '396', '67', '57'),
(160, 168, '785', '352', '66', '132'),
(161, 169, '317', '292', '45', '37'),
(162, 170, '1074', '385', '94', '78'),
(163, 186, '4968', '2000', '94', '7'),
(164, 187, '840', '1880', '74', '11'),
(165, 188, '1736', '438', '49', '16'),
(166, 189, '3888', '1653', '46', '4'),
(167, 190, '6352', '757', '46', '10'),
(168, 191, '3528', '776', '47', '6'),
(169, 192, '2376', '274', '99', '8'),
(170, 193, '3400', '37', '2', '4'),
(171, 194, '4632', '43', '2', '5'),
(172, 195, '5136', '12', '81', '12'),
(173, 196, '720', '25', '77', '1'),
(174, 197, '5984', '49', '1', '25'),
(175, 198, '3576', '270', '1', '15'),
(176, 199, '4824', '12', '42', '15'),
(177, 200, '7688', '36', '34', '16'),
(178, 201, '4952', '12', '87', '5'),
(179, 202, '5432', '36', '65', '0'),
(180, 203, '2584', '18', '73', '1'),
(181, 204, '5304', '12', '26', '5'),
(182, 205, '4688', '12', '77', '2'),
(183, 206, '5072', '268', '35', '4'),
(184, 207, '6048', '483', '42', '18'),
(185, 208, '3368', '479', '76', '4'),
(186, 209, '4471', '2', '29', '1'),
(187, 210, '2751', '382', '62', '1'),
(188, 211, '1902', '308', '80', '1'),
(189, 212, '2622', '299', '32', '0'),
(190, 213, '1498', '292', '90', '0'),
(191, 214, '2800', '332', '32', '1'),
(192, 215, '2569', '380', '38', '1'),
(193, 216, '1122', '281', '90', '0'),
(194, 217, '2320', '262', '35', '0'),
(195, 218, '1470', '410', '32', '0'),
(196, 219, '1246', '442', '97', '1'),
(197, 220, '2268', '462', '93', '1'),
(198, 221, '1372', '292', '90', '1'),
(199, 222, '1204', '287', '78', '1'),
(200, 223, '1456', '352', '29', '0'),
(201, 224, '1267', '270', '79', '1'),
(202, 225, '889', '418', '46', '1'),
(203, 226, '888', '492', '98', '1'),
(204, 227, '1274', '306', '71', '1'),
(205, 228, '1232', '299', '82', '1'),
(206, 229, '1092', '336', '27', '1'),
(207, 230, '1106', '323', '96', '1'),
(208, 231, '770', '256', '62', '1'),
(209, 232, '1656', '309', '55', '1'),
(210, 233, '1799', '283', '25', '1'),
(211, 234, '1669', '89', '12', '7'),
(212, 235, '1449', '163', '41', '10'),
(213, 236, '2592', '133', '12', '6'),
(214, 237, '1422', '126', '8', '10'),
(215, 238, '1961', '73', '9', '9'),
(216, 239, '1330', '103', '8', '15'),
(217, 240, '1900', '100', '6', '18'),
(218, 241, '1800', '162', '12', '18'),
(219, 242, '2212', '221', '19', '13'),
(220, 243, '1056', '148', '11', '6'),
(221, 244, '210', '27', '12', '8'),
(222, 245, '1086', '112', '16', '9'),
(223, 246, '881', '96', '8', '6'),
(224, 247, '1073', '278', '25', '8'),
(225, 248, '615', '165', '12', '6'),
(226, 249, '259', '117', '19', '4'),
(227, 250, '532', '166', '94', '10'),
(228, 251, '1146', '150', '17', '12'),
(229, 252, '1413', '187', '28', '10'),
(230, 253, '2055', '189', '17', '6'),
(231, 254, '198', '762', '2', '44'),
(232, 255, '311', '958', '1', '173'),
(233, 256, '1062', '1287', '1', '468'),
(234, 257, '1671', '1401', '1', '638'),
(235, 258, '1021', '1624', '1', '152'),
(236, 259, '692', '1273', '1', '59'),
(237, 260, '1061', '880', '4', '19'),
(238, 261, '499', '460', '4', '3'),
(239, 262, '597', '258', '4', '5'),
(240, 263, '954', '405', '4', '7'),
(241, 264, '1052', '940', '4', '2'),
(242, 265, '95', '1127', '19', '60'),
(243, 266, '138', '840', '16', '60'),
(244, 267, '207', '777', '9', '46'),
(245, 268, '131', '757', '10', '60'),
(246, 269, '337', '817', '14', '24'),
(247, 270, '1086', '467', '9', '60'),
(248, 271, '152', '993', '19', '23'),
(249, 272, '88', '515', '5', '60'),
(250, 273, '185', '1063', '18', '60'),
(251, 274, '196', '470', '15', '60'),
(252, 275, '1020', '473', '4', '48'),
(253, 276, '69', '453', '9', '47'),
(254, 277, '137', '1153', '7', '60'),
(255, 278, '206', '649', '8', '60'),
(256, 279, '75', '539', '6', '43'),
(257, 280, '156', '1309', '10', '60'),
(258, 281, '193', '543', '15', '38'),
(259, 282, '1728', '1198', '4', '62'),
(260, 283, '996', '1401', '1', '67'),
(261, 284, '2399', '1481', '1', '26'),
(262, 285, '2730', '1258', '2', '17'),
(263, 286, '568', '459', '92', '10'),
(264, 287, '220', '514', '1', '10'),
(265, 288, '1488', '1698', '1', '101'),
(266, 289, '1802', '3131', '34', '284'),
(267, 290, '998', '1497', '29', '119'),
(268, 291, '980', '1502', '1', '82'),
(269, 292, '1035', '571', '41', '26'),
(270, 293, '1997', '355', '42', '5'),
(271, 294, '3368', '998', '4', '112'),
(272, 295, '1893', '987', '6', '44'),
(273, 296, '924', '930', '2', '93'),
(274, 297, '1144', '1141', '1', '98'),
(275, 298, '1341', '140', '3', '102'),
(276, 299, '1560', '145', '3', '110'),
(277, 300, '1432', '229', '3', '217'),
(278, 301, '2138', '576', '3', '268'),
(279, 302, '2296', '379', '3', '147'),
(280, 303, '1914', '230', '3', '97'),
(281, 304, '2690', '445', '3', '107'),
(282, 305, '1794', '41', '3', '20'),
(283, 306, '960', '231', '3', '19'),
(284, 307, '1591', '16', '3', '4'),
(285, 308, '2575', '467', '3', '91'),
(286, 309, '1213', '187', '3', '8'),
(287, 310, '2386', '124', '3', '14'),
(288, 311, '1692', '109', '3', '3'),
(289, 312, '2113', '41', '3', '8'),
(290, 313, '1287', '50', '3', '6'),
(291, 314, '2436', '1903', '98', '172'),
(292, 315, '2440', '829', '71', '14'),
(293, 316, '939', '313', '65', '4'),
(294, 317, '1118', '436', '30', '7'),
(295, 318, '732', '358', '63', '10'),
(296, 319, '2390', '1994', '8', '83'),
(297, 320, '1545', '1052', '6', '27'),
(298, 321, '1641', '942', '4', '43'),
(299, 322, '1158', '520', '58', '6'),
(300, 323, '701', '276', '52', '3'),
(301, 324, '667', '275', '82', '3'),
(302, 325, '1456', '469', '27', '3'),
(303, 332, '127', '234', '41', '40'),
(304, 333, '434', '292', '82', '80'),
(305, 334, '370', '162', '52', '50'),
(306, 335, '325', '175', '30', '30'),
(307, 336, '398', '227', '90', '70'),
(308, 337, '376', '413', '89', '20'),
(309, 338, '550', '136', '40', '20'),
(310, 339, '289', '130', '62', '85'),
(311, 340, '308', '97', '32', '95'),
(312, 341, '359', '285', '38', '63'),
(313, 342, '297', '65', '80', '60'),
(314, 343, '149', '447', '86', '93'),
(315, 344, '281', '441', '75', '10'),
(316, 345, '310', '306', '55', '7'),
(317, 346, '239', '313', '89', '50'),
(318, 347, '362', '343', '80', '10'),
(319, 348, '321', '453', '41', '10'),
(320, 349, '2303', '5', '33', '14'),
(321, 350, '350', '5', '35', '10'),
(322, 351, '2048', '396', '91', '5'),
(323, 352, '798', '403', '57', '2'),
(324, 353, '1056', '488', '49', '2'),
(325, 354, '2442', '451', '47', '4'),
(326, 355, '1372', '297', '76', '8'),
(327, 356, '1008', '339', '96', '12'),
(328, 357, '595', '368', '59', '7'),
(329, 358, '553', '261', '25', '4'),
(330, 359, '3759', '6', '70', '13'),
(331, 360, '3619', '6', '60', '10'),
(332, 361, '1057', '386', '96', '11'),
(333, 362, '3206', '412', '38', '11'),
(334, 363, '3937', '404', '82', '500'),
(335, 364, '3444', '291', '69', '213'),
(336, 365, '1939', '356', '62', '130'),
(337, 366, '1916', '301', '77', '260'),
(338, 367, '3222', '471', '50', '270'),
(339, 368, '1494', '414', '66', '120'),
(340, 369, '2419', '396', '30', '175'),
(341, 370, '1561', '311', '76', '166'),
(342, 371, '1908', '336', '33', '195'),
(343, 372, '2059', '333', '48', '30'),
(344, 373, '1183', '453', '82', '45'),
(345, 374, '1216', '489', '88', '72'),
(346, 375, '2400', '372', '52', '80'),
(347, 376, '2088', '368', '42', '194'),
(348, 377, '889', '338', '70', '32'),
(349, 378, '1290', '483', '41', '210'),
(350, 379, '2065', '386', '66', '132'),
(351, 380, '1527', '412', '41', '479'),
(352, 381, '1521', '385', '76', '29'),
(353, 382, '1087', '357', '83', '37'),
(354, 383, '555', '486', '67', '282'),
(355, 384, '1098', '309', '97', '35'),
(356, 385, '1018', '295', '91', '35'),
(357, 386, '495', '410', '28', '332'),
(358, 387, '1209', '327', '79', '499'),
(359, 388, '616', '492', '41', '22'),
(360, 389, '2307', '1336', '1', '144'),
(361, 390, '3647', '3791', '1', '277'),
(362, 391, '1902', '1903', '1', '189'),
(363, 392, '1445', '1554', '1', '32'),
(364, 393, '2217', '2389', '1', '34'),
(365, 394, '422', '96', '5', '22'),
(366, 395, '976', '439', '8', '17'),
(367, 396, '1274', '865', '1', '24'),
(368, 397, '2674', '1754', '1', '157'),
(369, 398, '1744', '1202', '1', '127'),
(370, 399, '2191', '2327', '1', '118'),
(371, 400, '1202', '903', '4', '40'),
(372, 401, '1610', '1571', '7', '123'),
(373, 402, '1763', '1118', '3', '13'),
(374, 403, '1328', '711', '5', '6'),
(375, 404, '1267', '1066', '16', '4'),
(376, 405, '2985', '1630', '1', '32'),
(377, 406, '2163', '1759', '1', '4'),
(378, 407, '1663', '1096', '14', '41'),
(379, 408, '1390', '1246', '2', '15'),
(380, 409, '1614', '676', '7', '113'),
(381, 410, '586', '317', '10', '128'),
(382, 411, '2364', '147', '10', '147'),
(383, 412, '1834', '132', '9', '153'),
(384, 413, '2496', '2194', '6', '142'),
(385, 414, '1360', '136', '7', '23'),
(386, 415, '5789', '2909', '13', '67'),
(387, 416, '1269', '155', '4', '109'),
(388, 417, '439', '94', '3', '53'),
(389, 418, '2275', '238', '9', '172'),
(390, 419, '3168', '90', '1', '11'),
(391, 420, '1134', '180', '1', '24'),
(392, 421, '2914', '2100', '77', '22'),
(393, 422, '1304', '522', '92', '19'),
(394, 423, '4166', '140', '65', '13'),
(395, 424, '1860', '100', '53', '9'),
(396, 425, '3384', '540', '47', '18'),
(397, 426, '350', '1440', '34', '22'),
(398, 427, '570', '105', '71', '16'),
(399, 428, '1647', '25', '68', '7'),
(400, 429, '1152', '120', '51', '10'),
(401, 430, '704', '270', '42', '18');

-- --------------------------------------------------------

--
-- Struktur dari tabel `kecamatan`
--

CREATE TABLE `kecamatan` (
  `id_kecamatan` int(11) NOT NULL,
  `nama_kecamatan` varchar(20) NOT NULL
) ENGINE=InnoDB DEFAULT CHARSET=latin1;

--
-- Dumping data untuk tabel `kecamatan`
--

INSERT INTO `kecamatan` (`id_kecamatan`, `nama_kecamatan`) VALUES
(1, 'Balen'),
(2, 'Baureno'),
(3, 'Bojonegoro'),
(4, 'Bubulan'),
(5, 'Dander'),
(6, 'Gayam'),
(7, 'Gondang'),
(8, 'Kalitidu'),
(9, 'Kanor'),
(10, 'Kapas'),
(11, 'Kasiman'),
(12, 'Kedewan'),
(13, 'Kedungadem'),
(14, 'Kepohbaru'),
(15, 'Malo'),
(16, 'Margomulyo'),
(17, 'Ngambon'),
(18, 'Ngasem'),
(19, 'Ngraho'),
(20, 'Padangan'),
(21, 'Purwosari'),
(22, 'Sekar '),
(23, 'Sugihwaras'),
(24, 'Sukosewu'),
(25, 'Sumberrejo'),
(26, 'Tambakrejo'),
(27, 'Temayang'),
(28, 'Trucuk');

-- --------------------------------------------------------

--
-- Struktur dari tabel `kecamatan_desa`
--

CREATE TABLE `kecamatan_desa` (
  `id_kecamatan_desa` int(11) NOT NULL,
  `id_kecamatan` int(11) NOT NULL,
  `id_desa` int(11) NOT NULL
) ENGINE=InnoDB DEFAULT CHARSET=latin1;

-- --------------------------------------------------------

--
-- Struktur dari tabel `klaster`
--

CREATE TABLE `klaster` (
  `id_klaster` int(11) NOT NULL,
  `jumlah_klaster` int(11) NOT NULL,
  `nama_klaster` varchar(25) NOT NULL
) ENGINE=InnoDB DEFAULT CHARSET=latin1;

--
-- Dumping data untuk tabel `klaster`
--

INSERT INTO `klaster` (`id_klaster`, `jumlah_klaster`, `nama_klaster`) VALUES
(1, 1, 'Unggul'),
(2, 2, 'Perlupenanganan');

-- --------------------------------------------------------

--
-- Struktur dari tabel `user`
--

CREATE TABLE `user` (
  `id_user` int(11) NOT NULL,
  `username` varchar(15) NOT NULL,
  `password` varchar(15) NOT NULL
) ENGINE=InnoDB DEFAULT CHARSET=latin1;

--
-- Dumping data untuk tabel `user`
--

INSERT INTO `user` (`id_user`, `username`, `password`) VALUES
(1, 'user', 'user');

-- --------------------------------------------------------

--
-- Struktur dari tabel `user_kecamatan`
--

CREATE TABLE `user_kecamatan` (
  `id_user_kecamatan` int(11) NOT NULL,
  `id_user` int(11) NOT NULL,
  `id_kecamatan` int(11) NOT NULL
) ENGINE=InnoDB DEFAULT CHARSET=latin1;

--
-- Indexes for dumped tables
--

--
-- Indeks untuk tabel `admin`
--
ALTER TABLE `admin`
  ADD PRIMARY KEY (`id_admin`);

--
-- Indeks untuk tabel `admin_kecamatan`
--
ALTER TABLE `admin_kecamatan`
  ADD PRIMARY KEY (`id_admin_kecamatan`),
  ADD KEY `id_admin` (`id_admin`),
  ADD KEY `ad_kecamatan` (`id_kecamatan`);

--
-- Indeks untuk tabel `centroid`
--
ALTER TABLE `centroid`
  ADD PRIMARY KEY (`id_centroid`);

--
-- Indeks untuk tabel `desa`
--
ALTER TABLE `desa`
  ADD PRIMARY KEY (`id_desa`);

--
-- Indeks untuk tabel `desa_klaster_centroid`
--
ALTER TABLE `desa_klaster_centroid`
  ADD PRIMARY KEY (`id_desa_klaster_centroid`),
  ADD KEY `id_desa` (`id_desa`),
  ADD KEY `id_klaster` (`id_klaster`),
  ADD KEY `id_centroid` (`id_centroid`);

--
-- Indeks untuk tabel `hasil_pertanian`
--
ALTER TABLE `hasil_pertanian`
  ADD PRIMARY KEY (`id_hasil_pertanian`),
  ADD KEY `id_desa` (`id_desa`);

--
-- Indeks untuk tabel `kecamatan`
--
ALTER TABLE `kecamatan`
  ADD PRIMARY KEY (`id_kecamatan`);

--
-- Indeks untuk tabel `kecamatan_desa`
--
ALTER TABLE `kecamatan_desa`
  ADD PRIMARY KEY (`id_kecamatan_desa`),
  ADD KEY `id_kecamatan` (`id_kecamatan`),
  ADD KEY `id_desa` (`id_desa`);

--
-- Indeks untuk tabel `klaster`
--
ALTER TABLE `klaster`
  ADD PRIMARY KEY (`id_klaster`);

--
-- Indeks untuk tabel `user`
--
ALTER TABLE `user`
  ADD PRIMARY KEY (`id_user`);

--
-- Indeks untuk tabel `user_kecamatan`
--
ALTER TABLE `user_kecamatan`
  ADD PRIMARY KEY (`id_user_kecamatan`);

--
-- AUTO_INCREMENT untuk tabel yang dibuang
--

--
-- AUTO_INCREMENT untuk tabel `admin`
--
ALTER TABLE `admin`
  MODIFY `id_admin` int(11) NOT NULL AUTO_INCREMENT, AUTO_INCREMENT=2;

--
-- AUTO_INCREMENT untuk tabel `admin_kecamatan`
--
ALTER TABLE `admin_kecamatan`
  MODIFY `id_admin_kecamatan` int(11) NOT NULL AUTO_INCREMENT;

--
-- AUTO_INCREMENT untuk tabel `centroid`
--
ALTER TABLE `centroid`
  MODIFY `id_centroid` int(11) NOT NULL AUTO_INCREMENT;

--
-- AUTO_INCREMENT untuk tabel `desa`
--
ALTER TABLE `desa`
  MODIFY `id_desa` int(11) NOT NULL AUTO_INCREMENT, AUTO_INCREMENT=431;

--
-- AUTO_INCREMENT untuk tabel `desa_klaster_centroid`
--
ALTER TABLE `desa_klaster_centroid`
  MODIFY `id_desa_klaster_centroid` int(11) NOT NULL AUTO_INCREMENT;

--
-- AUTO_INCREMENT untuk tabel `hasil_pertanian`
--
ALTER TABLE `hasil_pertanian`
  MODIFY `id_hasil_pertanian` int(11) NOT NULL AUTO_INCREMENT, AUTO_INCREMENT=402;

--
-- AUTO_INCREMENT untuk tabel `kecamatan`
--
ALTER TABLE `kecamatan`
  MODIFY `id_kecamatan` int(11) NOT NULL AUTO_INCREMENT, AUTO_INCREMENT=29;

--
-- AUTO_INCREMENT untuk tabel `kecamatan_desa`
--
ALTER TABLE `kecamatan_desa`
  MODIFY `id_kecamatan_desa` int(11) NOT NULL AUTO_INCREMENT;

--
-- AUTO_INCREMENT untuk tabel `klaster`
--
ALTER TABLE `klaster`
  MODIFY `id_klaster` int(11) NOT NULL AUTO_INCREMENT, AUTO_INCREMENT=3;

--
-- AUTO_INCREMENT untuk tabel `user`
--
ALTER TABLE `user`
  MODIFY `id_user` int(11) NOT NULL AUTO_INCREMENT, AUTO_INCREMENT=2;

--
-- AUTO_INCREMENT untuk tabel `user_kecamatan`
--
ALTER TABLE `user_kecamatan`
  MODIFY `id_user_kecamatan` int(11) NOT NULL AUTO_INCREMENT;
COMMIT;

/*!40101 SET CHARACTER_SET_CLIENT=@OLD_CHARACTER_SET_CLIENT */;
/*!40101 SET CHARACTER_SET_RESULTS=@OLD_CHARACTER_SET_RESULTS */;
/*!40101 SET COLLATION_CONNECTION=@OLD_COLLATION_CONNECTION */;
